Range,Mean CPU Time (microseconds)
5,1.5699358744924294
10,97.91605959850973
15,5069.336138416721
20,212509.03129333208
