Range,Mean CPU Time (microseconds)
5,0.9520048620023168
10,60.758094036450096
15,3325.683194816541
20,196335.7179675029
