Range,Mean CPU Time (microseconds)
5,1.4101141612435344
10,92.89974070361507
15,6037.082400375936
20,648213.7883950032
