Range,Mean CPU Time (microseconds)
5,1.3805186660947895
10,94.04047892709286
15,7095.984925199946
20,715196.5329599944
