Range,Mean CPU Time (microseconds)
5,2.532945044473252
10,160.23402715163976
15,9710.917509659068
20,1049495.3771800091
