Range,Mean CPU Time (microseconds)
5,1.9621429105211783
10,141.31360291521042
15,9905.179905894687
20,1037491.8961800018
