Range,Mean CPU Time (microseconds)
5,14.098030647342876
10,14208.91509755119
