Range,Mean CPU Time (microseconds)
5,12.527452279476444
10,180.74298226676964
15,9822.255815405408
20,1063687.3686699995
